<?xml version="1.0" encoding="utf-8"?>
<nrml xmlns="http://openquake.org/xmlns/nrml/0.4" xmlns:gml="http://www.opengis.net/gml">
    <sourceModel name="FFF1">
        <simpleFaultSource id="1" name="Simple Fault Source" tectonicRegion="Active Shallow Crust">
            <simpleFaultGeometry>
                <gml:LineString>
                    <gml:posList>
                        <!-- Fill in coordinates here -->
                    </gml:posList>
                </gml:LineString>
                <dip>40</dip>
                <upperSeismoDepth>-1.600000e+01</upperSeismoDepth>
                <lowerSeismoDepth>2.000000e+01</lowerSeismoDepth>
            </simpleFaultGeometry>
            <magScaleRel>WC94-R</magScaleRel>
            <ruptAspectRatio>2.0000000E+00</ruptAspectRatio>
                <occurRates>2.325063e-01 1.889882e-01 1.536154e-01 1.248633e-01 1.014927e-01 8.249635e-02 6.705555e-02 5.450480e-02 4.430316e-02 3.601096e-02 2.927081e-02 2.379221e-02 1.933903e-02</occurRates>
            </incrementalMFD>
            <rake>9.0000000E+01</rake>
        </simpleFaultSource>
    </sourceModel>
</nrml>
