<?xml version="1.0" encoding="utf-8"?>
<nrml xmlns="http://openquake.org/xmlns/nrml/0.4" xmlns:gml="http://www.opengis.net/gml">
    <sourceModel name="FFF2">
        <simpleFaultSource id="2" name="Simple Fault Source" tectonicRegion="Active Shallow Crust">
            <simpleFaultGeometry>
                <gml:LineString>
                    <gml:posList>
                        <!-- Fill in coordinates here -->
                    </gml:posList>
                </gml:LineString>
                <dip>40</dip>
                <upperSeismoDepth>1.300000e+01</upperSeismoDepth>
                <lowerSeismoDepth>1.500000e+01</lowerSeismoDepth>
            </simpleFaultGeometry>
            <magScaleRel>WC94-R</magScaleRel>
            <ruptAspectRatio>2.0000000E+00</ruptAspectRatio>
                <occurRates>9.012555e-02 7.325680e-02 5.954536e-02 4.840029e-02 3.934123e-02 3.197775e-02 2.599249e-02 2.112749e-02 1.717307e-02 1.395880e-02 1.134613e-02 9.222485e-03 7.496317e-03 6.093235e-03 4.952768e-03 4.025761e-03</occurRates>
            </incrementalMFD>
            <rake>9.0000000E+01</rake>
        </simpleFaultSource>
    </sourceModel>
</nrml>
