<?xml version="1.0" encoding="utf-8"?>
<nrml xmlns="http://openquake.org/xmlns/nrml/0.4" xmlns:gml="http://www.opengis.net/gml">
    <sourceModel name="FFF3">
        <simpleFaultSource id="3" name="Simple Fault Source" tectonicRegion="Active Shallow Crust">
            <simpleFaultGeometry>
                <gml:LineString>
                    <gml:posList>
                        <!-- Fill in coordinates here -->
                    </gml:posList>
                </gml:LineString>
                <dip>40</dip>
                <upperSeismoDepth>-5.190000e+02</upperSeismoDepth>
                <lowerSeismoDepth>7.000000e+00</lowerSeismoDepth>
            </simpleFaultGeometry>
            <magScaleRel>WC94-R</magScaleRel>
            <ruptAspectRatio>2.0000000E+00</ruptAspectRatio>
                <occurRates>3.272359e-02 2.659873e-02 2.162026e-02 1.757361e-02 1.428436e-02 1.161077e-02 9.437586e-03 7.671158e-03 6.235351e-03 5.068284e-03</occurRates>
            </incrementalMFD>
            <rake>9.0000000E+01</rake>
        </simpleFaultSource>
    </sourceModel>
</nrml>
