{
    "FFF1": {
        "ScR": "WC94-R",
        "year_for_calculations": 2023,
        "Length": 37,
        "Dip": 40,
        "Seismogenic_Thickness": 20,
        "SRmin": 2.88,
        "SRmax": 4.32,
        "Mobs": 5.7,
        "sdMobs": 0.05,
        "Last_eq_time": 1987,
        "SCC": 20.5,
        "ShearModulus": 2,
        "StrainDrop": 5,
        "Mmin": 5.5,
        "b-value": 0.9
    },
    "FFF2": {
        "ScR": "WC94-R",
        "year_for_calculations": 2023,
        "Length": 49,
        "Dip": 40,
        "Seismogenic_Thickness": 15,
        "SRmin": 1.36,
        "SRmax": 3.6,
        "Mobs": 6.4,
        "sdMobs": 0.05,
        "Last_eq_time": 2021,
        "SCC": 20.5,
        "ShearModulus": 2,
        "StrainDrop": 5,
        "Mmin": 5.5,
        "b-value": 0.9
    },
        "FFF3": {
        "ScR": "WC94-R",
        "year_for_calculations": 2023,
        "Length": 22,
        "Dip": 40,
        "Seismogenic_Thickness": 7.0,
        "SRmin": 1.36,
        "SRmax": 2.04,
        "Mobs": 6.4,
        "sdMobs": 0.05,
        "Last_eq_time": 1497,
        "SCC": 20.5,
        "ShearModulus": 2,
        "StrainDrop": 5,
        "Mmin": 5.5,
        "b-value": 0.9
    }
}
