<?xml version="1.0" encoding="utf-8"?>
<nrml xmlns="http://openquake.org/xmlns/nrml/0.4" xmlns:gml="http://www.opengis.net/gml">
    <sourceModel name="FFF1">
        <simpleFaultSource id="1" name="Simple Fault Source" tectonicRegion="Active Shallow Crust">
            <simpleFaultGeometry>
                <gml:LineString>
                    <gml:posList>
                        <!-- Fill in coordinates here -->
                    </gml:posList>
                </gml:LineString>
                <dip>40</dip>
                <upperSeismoDepth>-1.600000e+01</upperSeismoDepth>
                <lowerSeismoDepth>2.000000e+01</lowerSeismoDepth>
            </simpleFaultGeometry>
            <magScaleRel>WC94-R</magScaleRel>
            <ruptAspectRatio>2.0000000E+00</ruptAspectRatio>
